user_id,IF_score,OCSVM_score,avg_anomaly_score,explanation
NKH0979,0.3871621140972517,-3.24050512905811,-1.4266715074804293,"The anomaly profile for user NKH0979 indicates a moderate level of deviation from established behavioral norms, as evidenced by a positive Isolation Forest score and a negative One-Class SVM score, suggesting inconsistent patterns in communication and emotional tone. This discrepancy may point to potential stress or dissatisfaction, which could manifest as a change in communication frequency or emotional expressiveness that diverges from the user’s historical behavior. While these indicators alone do not definitively confirm insider threat activity, they warrant further investigation due to the potential implications of emotional distress leading to risky behaviors. Therefore, the confidence in assessing this pattern as indicative of potential insider threat behavior is moderate."
AAF0535,0.3720649012042975,-3.2170643563735437,-1.422499727584623,"User ID AAF0535 exhibits an anomaly profile characterized by a moderate Isolation Forest anomaly score of 0.3721, indicating some deviation from established behavioral norms, while the One-Class SVM score of -3.2171 suggests a significant negative deviation, potentially reflecting changes in communication style or emotional tone. This pattern may indicate stress or dissatisfaction, as evidenced by the inconsistency in communication frequency and emotional expression compared to historical data. While these behavioral deviations warrant closer scrutiny, they do not definitively align with typical insider threat indicators, such as malicious intent or data exfiltration. Therefore, I would assess the confidence in this being an insider threat as moderate, necessitating further investigation to clarify the user's intent and context."
CNB0900,0.3805244112899263,-3.199870185003379,-1.4096728868567263,"The anomaly profile for user CNB0900 indicates a moderate deviation from established behavioral norms, as evidenced by an Isolation Forest Anomaly Score of 0.3805, which suggests some irregularities in their communication patterns, while the One-Class SVM Anomaly Score of -3.1999 indicates a significant departure from typical behavior. This pattern may be indicative of underlying stress or dissatisfaction, potentially manifesting as changes in emotional tone or communication frequency that diverge from the user's historical norms. Given these observations, there is a moderate alignment with potential insider threat behavior, particularly if the deviations correlate with access to sensitive information or critical systems. Therefore, I would assess my confidence in this analysis as moderate, warranting further investigation into the user's recent activities and communications."
BMT0528,0.3878066059652597,-3.145421096476641,-1.3788072452556908,"The anomaly profile for User ID BMT0528 reveals a mixed assessment, with an Isolation Forest score indicating moderate deviation (0.3878) while the One-Class SVM score suggests significant negative deviation (-3.1454), leading to an average anomaly score of -1.3788, which indicates some unusual behavior. This profile may suggest behavioral hypotheses such as increased stress or dissatisfaction, potentially reflected in altered communication frequency or emotional tone that deviates from the user's established patterns. While these anomalies could align with indicators of insider threat behavior, such as disengagement or erratic communication, the conflicting scores and the average anomaly score leaning towards negative deviation suggest a lower likelihood of malicious intent. Therefore, the confidence in this assessment is moderate, warranting further monitoring and investigation rather than immediate escalation."
TMA0069,0.3696257781140838,-3.0473724661854025,-1.3388733440356593,"User TMA0069 exhibits an anomaly profile characterized by a positive Isolation Forest score of 0.3696, suggesting some deviation from typical behavior, while the One-Class SVM score of -3.0474 indicates a more significant departure from established norms, culminating in an average anomaly score of -1.3389 that leans towards negative but not strongly so. This pattern may suggest underlying stress or dissatisfaction, as indicated by potential changes in communication frequency or emotional tone that deviate from their established personality traits. Given the mixed signals in the anomaly scores, this behavior could align with risk factors associated with insider threats, particularly if the user is experiencing personal or professional turmoil. Therefore, I would assess the confidence in this potential insider threat activity as moderate."
HFB0347,0.3840455199202071,-3.06163772385934,-1.3387961019695664,"User HFB0347 exhibits a mixed anomaly profile, with a positive Isolation Forest score indicating some degree of behavioral deviation, while the One-Class SVM score suggests a significant divergence from established norms. This pattern may imply potential stress or dissatisfaction, as indicated by changes in communication frequency or emotional tone that deviate from their typical interaction style. While these anomalies warrant further investigation, they do not conclusively align with typical insider threat behavior, as the scores are not strongly indicative of malicious intent. Overall, I would assign a moderate confidence level to this assessment, suggesting the need for closer monitoring rather than immediate action."
SAP0867,0.3845519782864752,-3.0612731792125176,-1.3383606004630213,"The anomaly profile for User ID SAP0867 presents a mixed picture, with an Isolation Forest Anomaly Score of 0.3846 indicating some deviation from normal behavior, while the One-Class SVM Anomaly Score of -3.0613 suggests a significant departure in the negative direction. This divergence may imply that the user is experiencing stress or dissatisfaction, which could manifest as atypical communication frequency or emotional tone in their emails. While these behavioral patterns alone do not conclusively indicate insider threat activity, they warrant closer scrutiny as they may reflect underlying issues that could lead to risk. Therefore, I would assess the confidence in this potential insider threat behavior as moderate confidence, given the mixed anomaly scores and the need for further investigation into the user's context and communications."
MOS0047,0.3693671280455963,-3.032574106145611,-1.3316034890500072,"The anomaly profile for User ID MOS0047 indicates a moderate deviation from established behavioral norms, as evidenced by an Isolation Forest Anomaly Score of 0.3694 and a One-Class SVM Anomaly Score of -3.0326, resulting in an average anomaly score of -1.3316. This suggests a potential shift in the user's communication patterns, possibly indicating stress or dissatisfaction, which may manifest as changes in emotional tone or frequency of interactions. While these behavioral deviations warrant further investigation, they do not conclusively align with typical indicators of insider threat behavior without additional context or corroborating evidence. Therefore, I would assign a moderate confidence level to the assessment of this user's anomaly profile as a potential indicator of insider threat activity."
EDB0714,0.3866183676244628,-3.037082128562071,-1.325231880468804,"The anomaly profile for user EDB0714 presents a mixed picture, with an Isolation Forest score of 0.3866 indicating some deviation from normal behavior, while the One-Class SVM score of -3.0371 suggests a significant departure from established patterns, leading to an average anomaly score of -1.3252 that leans towards negative deviation. This behavioral profile may indicate underlying stress or dissatisfaction, potentially reflected in an emotional tone that diverges from the user’s typical communication style. While these deviations warrant further investigation, they do not definitively align with typical indicators of insider threat behavior; thus, the assessment remains inconclusive. Overall, I would assign a moderate confidence level to the potential risk associated with this user’s anomalous behavior."
AAF0791,0.3735053179777907,-3.0212984680906967,-1.323896575056453,"The anomaly profile of User ID AAF0791 reveals a moderate deviation from typical behavior, as indicated by an Isolation Forest anomaly score of 0.3735 and a significantly negative One-Class SVM anomaly score of -3.0213, suggesting potential irregularities in communication patterns or emotional tone. This could imply a behavioral hypothesis of increased stress or dissatisfaction, possibly reflecting changes in the user's work environment or personal circumstances that deviate from their established communication style. While these patterns may raise concerns, they do not definitively align with insider threat behavior without further context, as they could also stem from benign factors such as workload or personal issues. Therefore, the confidence in identifying this user as a potential insider threat is assessed as ""moderate confidence."""
ILC0838,0.3881738206456432,-3.034314202610978,-1.3230701909826674,"User ILC0838 exhibits an anomaly profile characterized by a moderate Isolation Forest anomaly score of 0.3882 and a significantly negative One-Class SVM score of -3.0343, resulting in an average anomaly score of -1.3231, indicating notable deviations from established communication norms. This pattern may suggest behavioral shifts such as increased stress or dissatisfaction, potentially reflected in altered emotional tone or frequency of communication compared to historical data. While these deviations could indicate potential insider threat activity, they may also stem from personal circumstances unrelated to malicious intent. Therefore, the confidence in classifying this behavior as indicative of an insider threat is assessed as moderate."
FHS0837,0.3764047702877148,-3.016850789859048,-1.3202230097856666,"The anomaly profile for User ID FHS0837 indicates a moderate deviation from typical behavior, as evidenced by a positive Isolation Forest score and a significantly negative One-Class SVM score, suggesting inconsistencies in communication patterns and emotional tone. This behavioral hypothesis may point to underlying stress or dissatisfaction, potentially manifesting as altered communication frequency or a shift in emotional expression compared to previous interactions. While these patterns could suggest potential insider threat behavior, they do not definitively confirm malicious intent and warrant further investigation to understand the context of these anomalies. Therefore, the confidence in identifying this user as a potential insider threat is assessed as moderate."
MBG0438,0.3913405162394423,-3.029095594665026,-1.3188775392127918,"User MBG0438 exhibits a mixed anomaly profile, with an Isolation Forest score of 0.3913 indicating some deviation from normal behavior, while the One-Class SVM score of -3.0291 suggests a more significant departure in terms of emotional tone or communication patterns. This combination may indicate potential stress or dissatisfaction, reflecting a possible shift in their usual communication style and emotional expression. Given these behavioral deviations, there is a moderate concern that this pattern could align with insider threat behavior, particularly if it correlates with other risk indicators. Overall, I would assess the confidence in this hypothesis as moderate, warranting further monitoring and investigation."
AHD0848,0.3891558166575199,-3.024376593699835,-1.3176103885211574,"The anomaly profile for user AHD0848 indicates a moderate deviation from typical behavior, as evidenced by an Isolation Forest anomaly score of 0.3892 and a One-Class SVM score of -3.0244, suggesting inconsistencies in their communication patterns and emotional tone. This behavioral anomaly may be hypothesized as stemming from increased stress or dissatisfaction, potentially leading to a departure from their established communication style. While these behavioral deviations warrant further investigation, they do not conclusively align with insider threat activity at this stage. Therefore, the confidence in labeling this pattern as indicative of an insider threat is assessed as moderate."
TBT0461,0.3863900472069808,-3.020199714827524,-1.3169048338102716,"The anomaly profile for User ID TBT0461 indicates a mixed assessment, with a moderate Isolation Forest anomaly score of 0.3864 suggesting some deviation from typical behavior, while the One-Class SVM score of -3.0202 indicates a significant negative anomaly. This combination may imply a behavioral hypothesis of increased stress or dissatisfaction, as the user appears to be communicating less frequently or with a different emotional tone than previously observed. Such patterns could potentially align with insider threat behavior, particularly if they reflect a disengagement from the organization or a shift towards more secretive communication. Therefore, I would assign a moderate confidence level to the assessment of this user's behavior as potentially indicative of an insider threat."
